나물비빔밥,https://www.menupan.com/Cook/recipeview.asp?cookid=2,https://www.menupan.com/cook/cookimg/000200.jpg,"쌀,안심,콩나물,청포묵,미나리,숙주,도라지,고사리,계란,고추장,양지머리,소금,국간장,다진파,다진마늘,참기름,설탕","밥,죽,스프,곡류"
오곡밥,https://www.menupan.com/Cook/recipeview.asp?cookid=3,https://www.menupan.com/cook/cookimg/000300.jpg,"멥쌀,찹쌀,수수,차조,콩,팥,소금","밥,죽,스프,곡류"
잡채밥,https://www.menupan.com/Cook/recipeview.asp?cookid=4,https://www.menupan.com/cook/cookimg/000400.jpg,"당면,돼지고기,표고버섯,부추,호박,당근,밥,다진마늘,진간장,참기름,소금,후춧가루","밥,죽,스프,곡류"
잡탕밥,https://www.menupan.com/Cook/recipeview.asp?cookid=5,https://www.menupan.com/cook/cookimg/000500.jpg,"해삼,새우,오징어,홍합,양파,당근,생강,대파,술,육수,녹말,소금,통후추","밥,죽,스프,곡류"
콩나물밥,https://www.menupan.com/Cook/recipeview.asp?cookid=6,https://www.menupan.com/cook/cookimg/000600.jpg,"쌀,콩나물,쇠고기,파,마늘,참기름,깨소금,고춧가루,진간장,소금,통후추","밥,죽,스프,곡류"
회덮밥,https://www.menupan.com/Cook/recipeview.asp?cookid=7,https://www.menupan.com/cook/cookimg/000700.jpg,"생선,밥,당근,오이,상추,다진마늘,고추장,식초,설탕,물엿","밥,죽,스프,곡류"
해물별미밥,https://www.menupan.com/Cook/recipeview.asp?cookid=9,https://www.menupan.com/cook/cookimg/000900.jpg,"쌀,갑오징어,새우,소라,쇠고기,표고버섯,당근,죽순,밤,양념장","밥,죽,스프,곡류"
죽순죽,https://www.menupan.com/Cook/recipeview.asp?cookid=11,https://www.menupan.com/cook/cookimg/001100.jpg,"쌀,죽순,쇠고기,간장,진간장,물,설탕,깨소금,통후추,참기름","밥,죽,스프,곡류"
참치죽,https://www.menupan.com/Cook/recipeview.asp?cookid=12,https://www.menupan.com/cook/cookimg/001200.jpg,"밥,참치캔,대파,참기름","밥,죽,스프,곡류"
호박죽,https://www.menupan.com/Cook/recipeview.asp?cookid=13,https://www.menupan.com/cook/cookimg/001300.jpg,"청동호박,찹쌀,팥,물,설탕,소금","밥,죽,스프,곡류"
흑임자죽,https://www.menupan.com/Cook/recipeview.asp?cookid=14,https://www.menupan.com/cook/cookimg/001400.jpg,"쌀,흑임자,물,소금,설탕","밥,죽,스프"
카레라이스,https://www.menupan.com/Cook/recipeview.asp?cookid=16,https://www.menupan.com/cook/cookimg/001600.jpg,"카레,밥,쇠고기,감자,양파,당근,완두콩,우유,소금,통후추","밥,죽,스프"
오므라이스,https://www.menupan.com/Cook/recipeview.asp?cookid=18,https://www.menupan.com/cook/cookimg/001800.jpg,"계란,밥,양파,당근,청피망,홍피망,오이,전분,물,쌈장,후춧가루,소금,멸치,다시마","밥,죽,스프,곡류"
감자수제비,https://www.menupan.com/Cook/recipeview.asp?cookid=19,https://www.menupan.com/cook/cookimg/001900.jpg,"밀가루,감자,애호박,실파,홍고추,멸치,물,양념장,국간장,참기름,소금","만두,면류,밀가루"
국수냄비,https://www.menupan.com/Cook/recipeview.asp?cookid=20,https://www.menupan.com/cook/cookimg/002000.jpg,"가래떡,국수,양파,당근,표고버섯,실파,계란,쑥갓,청정원장국,소금,후춧가루","만두,면류,밀가루"
냉면,https://www.menupan.com/Cook/recipeview.asp?cookid=21,https://www.menupan.com/cook/cookimg/002100.jpg,"쇠고기,오이,배,계란,동치미무,식초,설탕,소금","만두,면류,밀가루"
냉콩국수,https://www.menupan.com/Cook/recipeview.asp?cookid=22,https://www.menupan.com/cook/cookimg/002200.jpg,"국수,흰콩,흰깨,오이,물,소금","만두,면류,밀가루"
닭칼국수,https://www.menupan.com/Cook/recipeview.asp?cookid=23,https://www.menupan.com/cook/cookimg/002300.jpg,"밀가루,날콩가루,닭고기,바지락,소금,애호박,청고추,홍고추,통생강,대파,다진마늘,깨소금,고춧가루,참기름,다진파","만두,면류,밀가루"
동치미막국수,https://www.menupan.com/Cook/recipeview.asp?cookid=24,https://www.menupan.com/cook/cookimg/002400.jpg,"쇠고기,동치미무,계란,홍고추,동치미국물,소금,깨소금,참기름,간장,설탕,통후추","만두,면류,밀가루"
모밀국수,https://www.menupan.com/Cook/recipeview.asp?cookid=25,https://www.menupan.com/cook/cookimg/002500.jpg,"무,김,대파,다시마,와사비,진간장,설탕,청주,가쓰오브시","만두,면류,밀가루"
비빔국수,https://www.menupan.com/Cook/recipeview.asp?cookid=27,https://www.menupan.com/cook/cookimg/002700.jpg,"국수,쇠고기,배추김치,오이,계란,홍고추,설탕,진간장,깨소금,참기름","만두,면류,밀가루"
열무김치냉면,https://www.menupan.com/Cook/recipeview.asp?cookid=28,https://www.menupan.com/cook/cookimg/002800.jpg,"열무,냉면,홍고추,청고추,대파,찹쌀가루,다진마늘,다진생강,고춧가루,식초,설탕,겨자,물","만두,면류,밀가루"
회냉면,https://www.menupan.com/Cook/recipeview.asp?cookid=31,https://www.menupan.com/cook/cookimg/003100.jpg,"홍어,무,오이,배,다진파,다진마늘,깨소금,참기름,고춧가루,고추장,다진양파,식초,사이다,생강즙,와사비,깨,소금","만두,면류,밀가루"
온면,https://www.menupan.com/Cook/recipeview.asp?cookid=33,https://www.menupan.com/cook/cookimg/003300.jpg,"쇠고기,계란,두부,석이버섯,실고추,물,조개,육수,소금,참기름","만두,면류,밀가루"
자장면,https://www.menupan.com/Cook/recipeview.asp?cookid=34,https://www.menupan.com/cook/cookimg/003400.jpg,"국수,자장,양파,호박,돼지고기,녹말,식용유,설탕","만두,면류,밀가루"
만둣국,https://www.menupan.com/Cook/recipeview.asp?cookid=35,https://www.menupan.com/cook/cookimg/003500.jpg,"김치,숙주,만두피,쇠고기,표고버섯,두부,육수,다진파,다진마늘,소금,후춧가루,깨소금,간장,설탕,참기름","만두,면류,밀가루"
카레국수,https://www.menupan.com/Cook/recipeview.asp?cookid=36,https://www.menupan.com/cook/cookimg/003600.jpg,"국수,카레,쇠고기,양파,감자,당근,완두,물,월계수잎,소금,후춧가루,육수","만두,면류,밀가루"
가지냉국,https://www.menupan.com/Cook/recipeview.asp?cookid=37,https://www.menupan.com/cook/cookimg/003700.jpg,"가지,다진파,깨소금,고춧가루,멸치,다시마,소금,다진마늘,식초,국간장,설탕","국,채소류"
냉이조갯국,https://www.menupan.com/Cook/recipeview.asp?cookid=38,https://www.menupan.com/cook/cookimg/003800.jpg,"냉이,모시조개,쌀뜨물,물,된장,다진마늘","국,채소류"
다시마냉국,https://www.menupan.com/Cook/recipeview.asp?cookid=39,https://www.menupan.com/cook/cookimg/003900.jpg,"다시마,오이,홍고추,물,다진파,다진마늘,소금,고춧가루,깨소금","국,해조류"
계란실파국,https://www.menupan.com/Cook/recipeview.asp?cookid=40,https://www.menupan.com/cook/cookimg/004000.jpg,"계란,실파,멸치,다시마,국간장,소금,후춧가루,물","국,알류"
대구지리,https://www.menupan.com/Cook/recipeview.asp?cookid=41,https://www.menupan.com/cook/cookimg/004100.jpg,"대구,두부,배춧잎,대파,미나리,멸치,레몬,식초,진간장,레몬즙","국,어류,패류"
두붓국,https://www.menupan.com/Cook/recipeview.asp?cookid=42,https://www.menupan.com/cook/cookimg/004200.jpg,"두부,쇠고기,파,다진마늘,고추장,참기름,진간장,소금,후춧가루",국
두부새우젓국,https://www.menupan.com/Cook/recipeview.asp?cookid=43,https://www.menupan.com/cook/cookimg/004300.jpg,"두부,굴,실파,홍고추,새우젓,다진마늘,참기름,소금","국,어류,패류"
두부조개탕,https://www.menupan.com/Cook/recipeview.asp?cookid=44,https://www.menupan.com/cook/cookimg/004400.jpg,"두부,모시조개,북어,콩나물,홍고추,실파,밀가루,계란,마늘,소금,후춧가루","국,어류,패류"
모시조개탕,https://www.menupan.com/Cook/recipeview.asp?cookid=45,https://www.menupan.com/cook/cookimg/004500.jpg,"모시조개,실파,물,소금","찌개,전골,스튜"
무맑은국,https://www.menupan.com/Cook/recipeview.asp?cookid=46,https://www.menupan.com/cook/cookimg/004600.jpg,"쇠고기,무,실파,물,마늘,국간장,소금,참기름,후춧가루","국,채소류"
미역국,https://www.menupan.com/Cook/recipeview.asp?cookid=47,https://www.menupan.com/cook/cookimg/004700.jpg,"미역,다진쇠고기,식용유,물,마늘,후춧가루,국간장,참기름","국,해조류"
미역냉국,https://www.menupan.com/Cook/recipeview.asp?cookid=48,https://www.menupan.com/cook/cookimg/004800.jpg,"오이,물,대파,다진마늘,깨소금,소금,고춧가루,간장","국,해조류"
미역완자국,https://www.menupan.com/Cook/recipeview.asp?cookid=49,https://www.menupan.com/cook/cookimg/004900.jpg,"찹쌀가루,쇠고기,물,다진마늘,국간장,참기름,소금","국,해조류"
생태국,https://www.menupan.com/Cook/recipeview.asp?cookid=50,https://www.menupan.com/cook/cookimg/005000.jpg,"생태,미나리,콩나물,무,홍고추,쌀뜨물,마늘,소금,후춧가루","국,어류,패류"
연어까르파치오,https://www.menupan.com/Cook/recipeview.asp?cookid=51,https://www.menupan.com/cook/cookimg/005100.jpg,"연어,양파,양송이버섯,방울토마토,모듬채소,차이브,후춧가루,레몬즙,소금,올리브오일,페스토소스","나물,생채,샐러드,어류,패류"
오이냉국,https://www.menupan.com/Cook/recipeview.asp?cookid=52,https://www.menupan.com/cook/cookimg/005200.jpg,"오이,물,대파,홍고추,물,파,다진마늘,간장,식초,설탕,깨소금,고춧가루,소금","국,채소류"
해산물샐러드,https://www.menupan.com/Cook/recipeview.asp?cookid=53,https://www.menupan.com/cook/cookimg/005300.jpg,"꼴뚜기,중새우살,쭈꾸미,참소라살,모시조개,가리비,검은껍질홍합,가재새우,양파,샐러리,당근,루콜라,트레비소,소스","나물,생채,샐러드,어류,패류"
재첩국,https://www.menupan.com/Cook/recipeview.asp?cookid=54,https://www.menupan.com/cook/cookimg/005400.jpg,"재첩,부추,물,소금","국,어류,패류"
조개맑은탕,https://www.menupan.com/Cook/recipeview.asp?cookid=55,https://www.menupan.com/cook/cookimg/005500.jpg,"대합,다시마,팽이버섯,두부,쑥갓,레몬,물,국간장,소금,청주","국,어류,패류"
너비아니구이,https://www.menupan.com/Cook/recipeview.asp?cookid=58,https://www.menupan.com/cook/cookimg/005800.jpg,"쇠고기,간장,배즙,다진파,설탕,참기름,깨소금,꿀,생강즙,다진마늘,후춧가루",구이
쇠고기양송이볶음,https://www.menupan.com/Cook/recipeview.asp?cookid=59,https://www.menupan.com/cook/cookimg/005900.jpg,"쇠고기,양송이버섯,물엿,토마토케첩,피망,양파,마늘,간장,설탕,소금,후춧가루,식용유","볶음,쇠고기류"
죽순표고버섯볶음나물,https://www.menupan.com/Cook/recipeview.asp?cookid=61,https://www.menupan.com/cook/cookimg/006100.jpg,"죽순,표고버섯,대파,물,식용유,간장,다진파,다진마늘,참기름,설탕,소금,후춧가루","볶음,버섯류"
부추표고버섯볶음,https://www.menupan.com/Cook/recipeview.asp?cookid=62,https://www.menupan.com/cook/cookimg/006200.jpg,"부추,표고버섯,돼지고기,대파,생강,간장,청주,소금,식용유","볶음,버섯류"
연근볶음,https://www.menupan.com/Cook/recipeview.asp?cookid=63,https://www.menupan.com/cook/cookimg/006300.jpg,"연근,다진파,다진마늘,깨소금,고춧가루,참기름,통깨,소금,식용유",볶음
호박가지된장구이,https://www.menupan.com/Cook/recipeview.asp?cookid=64,https://www.menupan.com/cook/cookimg/006400.jpg,"애호박,가지,홍고추,식용유,된장,다진파,다진마늘,물엿,깨소금,참기름","구이,채소류"
두부드레싱과 채소샐러드,https://www.menupan.com/Cook/recipeview.asp?cookid=65,https://www.menupan.com/cook/cookimg/006500.jpg,"두부,적양배추잎,당근,파프리카,깨소금,꿀,소금,레몬즙,연겨자","나물,생채,샐러드"
콩나물무침,https://www.menupan.com/Cook/recipeview.asp?cookid=66,https://www.menupan.com/cook/cookimg/006600.jpg,"콩나물,다진파,다진마늘,깨소금,참기름,실고추,소금,후춧가루","밑반찬,김치,채소류"
도라지오이생채,https://www.menupan.com/Cook/recipeview.asp?cookid=67,https://www.menupan.com/cook/cookimg/006700.jpg,"도라지,오이,고추가루,다진파,다진마늘,깨소금,설탕,식초,참기름,소금","나물,생채,샐러드,채소류"
무말랭이장아찌,https://www.menupan.com/Cook/recipeview.asp?cookid=68,https://www.menupan.com/cook/cookimg/006800.jpg,"무,풋고추잎,물,고춧가루,간장,물엿,마늘,깨소금,실고추,참기름","밑반찬,김치,채소류"
우엉조림,https://www.menupan.com/Cook/recipeview.asp?cookid=69,https://www.menupan.com/cook/cookimg/006900.jpg,"우엉,간장,물엿,깨소금,소금,물","조림,채소류"
북어고추장구이,https://www.menupan.com/Cook/recipeview.asp?cookid=70,https://www.menupan.com/cook/cookimg/007000.jpg,"북어,참기름,간장,고추장,다진파,깨소금,물",구이
바질토마토두부샐러드,https://www.menupan.com/Cook/recipeview.asp?cookid=71,https://www.menupan.com/cook/cookimg/007100.jpg,"두부,토마토,바질,다진양파,식초,참빛고운포도씨유,간장,소금","나물,생채,샐러드,채소류"
멸치볶음,https://www.menupan.com/Cook/recipeview.asp?cookid=73,https://www.menupan.com/cook/cookimg/007300.jpg,"당근,청고추,식용유,깨소금,간장,설탕,청주",볶음
갈치무조림,https://www.menupan.com/Cook/recipeview.asp?cookid=76,https://www.menupan.com/cook/cookimg/007600.jpg,"갈치,무,감자,홍고추,대파,물,간장,고추장,고춧가루,마늘,생강,설탕,깨소금,참기름","조림,어류,패류"
두부소박이,https://www.menupan.com/Cook/recipeview.asp?cookid=77,https://www.menupan.com/cook/cookimg/007700.jpg,"두부,표고버섯,느타리버섯,청피망,당근,밀가루,물,소금,깨소금,후춧가루,물엿","튀김,커틀릿,콩류"
두부장아찌,https://www.menupan.com/Cook/recipeview.asp?cookid=81,https://www.menupan.com/cook/cookimg/008100.jpg,"두부,통생강,마른고추,식용유,간장,식초,통후추,소금","밑반찬,김치,콩류"
퓨전찹스테이크,https://www.menupan.com/Cook/recipeview.asp?cookid=82,https://www.menupan.com/cook/cookimg/008200.jpg,"피망,양송이,양파,쇠고기,쇠고기,육수,통마늘,밀가루,버터,설탕,토마토케첩,소금,후춧가루","볶음,쇠고기류"
두부다시마말이,https://www.menupan.com/Cook/recipeview.asp?cookid=83,https://www.menupan.com/cook/cookimg/008300.jpg,"두부,표고버섯,당근,고추,들깨가루,깨소금,소금,참기름,후춧가루,초고추장,양념간장","나물,생채,샐러드,해조류"
브로콜리치즈구이,https://www.menupan.com/Cook/recipeview.asp?cookid=85,https://www.menupan.com/cook/cookimg/008500.jpg,"브로콜리,새우,치즈,밀가루,청주,소금,버터,우유,소금","그라탕,리조또,채소류"
팥칼국수,https://www.menupan.com/Cook/recipeview.asp?cookid=86,https://www.menupan.com/cook/cookimg/008600.jpg,"팥,물,소금,설탕","만두,면류,콩류"
피망잡채,https://www.menupan.com/Cook/recipeview.asp?cookid=87,https://www.menupan.com/cook/cookimg/008700.jpg,"피망,쇠고기,표고버섯,홍고추,녹말,식용유,간장,깨소금,참기름,후춧가루,청주,다진파,다진마늘","볶음,채소류"
콩나물잡채,https://www.menupan.com/Cook/recipeview.asp?cookid=88,https://www.menupan.com/cook/cookimg/008800.jpg,"콩나물,쇠고기,표고버섯,양파,당근,미나리,계란,식용유,소금,깨소금,참기름,진간장,설탕,다진파,다진마늘,후춧가루","나물,생채,샐러드,채소류"
마파두부,https://www.menupan.com/Cook/recipeview.asp?cookid=89,https://www.menupan.com/cook/cookimg/008900.jpg,"두부,다진돼지고기,녹말,물,대파,물,식용유,다진마늘,두반장,간장,청주,소금,참기름,후춧가루,설탕","볶음,콩류"
양배추말이찜,https://www.menupan.com/Cook/recipeview.asp?cookid=90,https://www.menupan.com/cook/cookimg/009000.jpg,"쇠고기,밤,양파,육수,녹말,물,무명실,파슬리가루,소금,간장,깨소금,청주,다진파,다진마늘,참기름,후춧가루","찜,채소류"
마늘장아찌,https://www.menupan.com/Cook/recipeview.asp?cookid=91,https://www.menupan.com/cook/cookimg/009100.jpg,"마늘,간장,물,소금,식초","밑반찬,김치,채소류"
오징어불고기,https://www.menupan.com/Cook/recipeview.asp?cookid=92,https://www.menupan.com/cook/cookimg/009200.jpg,"오징어,고추장,다진파,다진마늘,물엿,생강즙,참기름,간장,설탕,고춧가루,깨소금","볶음,어류,패류"
장어구이,https://www.menupan.com/Cook/recipeview.asp?cookid=93,https://www.menupan.com/cook/cookimg/009300.jpg,"장어,무순,생강,간장,고추장,물엿,청주,다진마늘,생강즙,깨소금,참기름,생강즙","구이,어류,패류"
참치회무침비빔국수,https://www.menupan.com/Cook/recipeview.asp?cookid=95,https://www.menupan.com/cook/cookimg/009500.jpg,"국수,배,실파,적채,양파,깻잎,무순,참기름,소금,후춧가루,고추장,식초,물,설탕,생강즙","만두,면류"
아구찜,https://www.menupan.com/Cook/recipeview.asp?cookid=97,https://www.menupan.com/cook/cookimg/009700.jpg,"아구,미더덕,콩나물,미나리,물녹말,다진마늘,다진생강,고춧가루,청주,간장,겨자,소금,후춧가루,물","찜,어류,패류"
꽃게장무침,https://www.menupan.com/Cook/recipeview.asp?cookid=98,https://www.menupan.com/cook/cookimg/009800.jpg,"꽃게,홍고추,청고추,고춧가루,간장,양파,설탕,마늘,대파,소금,통깨,생강즙","밑반찬,김치,어류,패류"
갈비구이,https://www.menupan.com/Cook/recipeview.asp?cookid=99,https://www.menupan.com/cook/cookimg/009900.jpg,"갈비,상추,깻잎,배즙,양파즙,물엿,설탕,통깨,참기름,후춧가루,청주,간장,육수,대파,마늘,양파,생강즙,월계수잎","구이,쇠고기류"
콩나물냉국,https://www.menupan.com/Cook/recipeview.asp?cookid=100,https://www.menupan.com/cook/cookimg/010000.jpg,"콩나물,대파,홍고추,깨소금,물,마늘,생강,식초,소금,설탕","국,콩류"
햄버거스테이크,https://www.menupan.com/Cook/recipeview.asp?cookid=101,https://www.menupan.com/cook/cookimg/010100.jpg,"양파,빵가루,버터,육수,계란,식용유,소금,후춧가루,토마토케첩,우스터소스,레드와인,다진마늘","구이,쇠고기류"
양념치킨,https://www.menupan.com/Cook/recipeview.asp?cookid=102,https://www.menupan.com/cook/cookimg/010200.jpg,"닭,녹말,계란,피망,홍고추,양파,땅콩,식용유,다진마늘,생강즙,소금,후춧가루,고추장,고춧가루,물엿,간장,청주","튀김,커틀릿,닭고기류"
동남아식튀김국수샐러드,https://www.menupan.com/Cook/recipeview.asp?cookid=103,https://www.menupan.com/cook/cookimg/010300.jpg,"돼지고기,숙주,새우,카레가루,양파,홍고추,튀김기름,다진 생강,청주,소금,후춧가루,(드레싱),식초,황설탕,간장,피시소스","나물,생채,샐러드,돼지고기류"
돈까스,https://www.menupan.com/Cook/recipeview.asp?cookid=104,https://www.menupan.com/cook/cookimg/010400.jpg,"돼기고기,계란,당근,육수,버터,샐러리,쇠고기,양파,밀가루,빵가루,식용유,통마늘,월계수잎,레드와인,토마토케찹,소금,후춧가루","튀김,커틀릿,돼지고기류"
갈비찜,https://www.menupan.com/Cook/recipeview.asp?cookid=105,https://www.menupan.com/cook/cookimg/010500.jpg,"쇠고기,무,당근,표고버섯,밤,계란,홍고추,은행,잣,대파,간장,설탕,청주,배,다진파,다진마늘,깨소금,참기름,후춧가루","찜,쇠고기류"
닭매운찜,https://www.menupan.com/Cook/recipeview.asp?cookid=106,https://www.menupan.com/cook/cookimg/010600.jpg,"닭,감자,양파,청고추,홍고추,대파,물,소금,후춧가루,고추장,간장,참기름,설탕,고춧가루,다진파,다진마늘,다진생강,깨소금","찜,닭고기류"
제육보쌈,https://www.menupan.com/Cook/recipeview.asp?cookid=107,https://www.menupan.com/cook/cookimg/010700.jpg,"돼기고기,새우젓,무,굴,배추,무명실,깨소금,미나리,갓,실파,된장,생강,고춧가루,다진파,다진마늘,참기름,고춧가루,젓국",찜
간전,https://www.menupan.com/Cook/recipeview.asp?cookid=109,https://www.menupan.com/cook/cookimg/010900.jpg,"깨소금,식용유,파슬리,소금,간장,식초,다진파,통깨",부침
홍합꼬치구이,https://www.menupan.com/Cook/recipeview.asp?cookid=110,https://www.menupan.com/cook/cookimg/011000.jpg,"홍합,대파,파슬리,깨소금,청주,소금,고추장,간장,물엿,청주,다진마늘,생강즙,참기름","구이,어류,패류"
애호박된장찌개,https://www.menupan.com/Cook/recipeview.asp?cookid=111,https://www.menupan.com/cook/cookimg/011100.jpg,"애호박,두부,된장,쇠고기,감자,양파,청고추,대파,물,고춧가루,다진마늘,소금,멸치","찌개,전골,스튜,콩류"
청국장찌개,https://www.menupan.com/Cook/recipeview.asp?cookid=112,https://www.menupan.com/cook/cookimg/011200.jpg,"청국장,쇠고기,무,배추김치,두부,대파,물,다진마늘,김칫국물,소금","찌개,전골,스튜,콩류"
순두부찌개,https://www.menupan.com/Cook/recipeview.asp?cookid=113,https://www.menupan.com/cook/cookimg/011300.jpg,"돼기고기,바지락,배추김치,양파,대파,계란,식용유,물,고춧가루,다진마늘,소금,후춧가루","찌개,전골,스튜,콩류"
동태찌개,https://www.menupan.com/Cook/recipeview.asp?cookid=114,https://www.menupan.com/cook/cookimg/011400.jpg,"동태,무,애호박,두부,청고추,홍고추,대파,물,고추장,고춧가루,다진마늘,다진생강,소금","찌개,전골,스튜,어류,패류"
콩비지찌개,https://www.menupan.com/Cook/recipeview.asp?cookid=116,https://www.menupan.com/cook/cookimg/011600.jpg,"흰콩,돼지고기,배춧잎,물,식용유,다진파,다진마늘,소금,간장,고춧가루,참기름,깨소금","찌개,전골,스튜,콩류"
우럭매운탕,https://www.menupan.com/Cook/recipeview.asp?cookid=117,https://www.menupan.com/cook/cookimg/011700.jpg,"우럭,모시조개,무,콩나물,호박,두부,청고추,홍고추,대파,소금,쑥갓,물,고추장,청주,다진마늘,생강즙,고춧가루,후춧가루","찌개,전골,스튜,어류,패류"
북어국,https://www.menupan.com/Cook/recipeview.asp?cookid=118,https://www.menupan.com/cook/cookimg/011800.jpg,"통북어,콩나물,두부,계란,대파,물,홍고추,다진마늘,소금,후춧가루,참기름","국,어류,패류"
오색주먹밥도시락,https://www.menupan.com/Cook/recipeview.asp?cookid=121,https://www.menupan.com/cook/cookimg/012100.jpg,"쌀,다진쇠고기,표고버섯,멸치,단무지,김치,다시마,청주,소금,식초,설탕,간장,물엿,후춧가루,깨소금,참기름,고춧가루","도시락,간식,곡류"
감자샐러드,https://www.menupan.com/Cook/recipeview.asp?cookid=122,https://www.menupan.com/cook/cookimg/012200.jpg,"감자,베이컨,완두,양파,마요네즈,소금,후춧가루","도시락,간식,채소류"
과일천사채국수,https://www.menupan.com/Cook/recipeview.asp?cookid=123,https://www.menupan.com/cook/cookimg/012300.jpg,"배,토마토,천사채,복숭아통조림,키위,양상추,새싹채소,올리브오일,발사믹식초,씨겨자,소금,후춧가루,설탕,파슬리가루","만두,면류,해조류"
해파리냉채,https://www.menupan.com/Cook/recipeview.asp?cookid=124,https://www.menupan.com/cook/cookimg/012400.jpg,"해파리,게맛살,오이,토마토,다진마늘,식초,육수,설탕,간장,소금,참기름","나물,생채,샐러드,해조류"
컴비네이션피자,https://www.menupan.com/Cook/recipeview.asp?cookid=126,https://www.menupan.com/cook/cookimg/012600.jpg,"밀가루,소시지,햄,양송이,피자치즈,식용유,올리브,피망,양파,샐러리,토마토,베이킹파우더,우유,계란노른자,설탕,마늘,핫소스,토마토케첩,버터,물","피자,밀가루"
통배추김치,https://www.menupan.com/Cook/recipeview.asp?cookid=127,https://www.menupan.com/cook/cookimg/012700.jpg,"배추,무,갓,미나리,멸치젓,물,실파,배,대파,소금,고춧가루,마늘,생강,설탕,깨소금,소금","밑반찬,김치,채소류"
열무김치,https://www.menupan.com/Cook/recipeview.asp?cookid=128,https://www.menupan.com/cook/cookimg/012800.jpg,"열무,풋배추,실파,청고추,홍고추,물,밀가루,소금,마늘,생강","밑반찬,김치,채소류"
오이소박이,https://www.menupan.com/Cook/recipeview.asp?cookid=129,https://www.menupan.com/cook/cookimg/012900.jpg,"오이,부추,다진파,다진마늘,다진생강,소금,고춧가루,설탕,진간장,청주,[절임용 소금물] 소금,물","밑반찬,김치,채소류"
나박김치,https://www.menupan.com/Cook/recipeview.asp?cookid=130,https://www.menupan.com/cook/cookimg/013000.jpg,"배추,미나리,홍고추,무,대파,물,생강,마늘,소금,고춧가루","밑반찬,김치,채소류"
총각김치,https://www.menupan.com/Cook/recipeview.asp?cookid=131,https://www.menupan.com/cook/cookimg/013100.jpg,"총각무,대파,찹쌀가루,물,소금,고추가루,다진마늘,다진생강,멸치젓,새우젓,설탕,[절임용 소금물] 물,소금","밑반찬,김치,채소류"
굴깍두기,https://www.menupan.com/Cook/recipeview.asp?cookid=132,https://www.menupan.com/cook/cookimg/013200.jpg,"무,굴,미나리,실파,갓,소금,고춧가루,마늘,새우젓,소금,설탕","밑반찬,김치,채소류"
동치미,https://www.menupan.com/Cook/recipeview.asp?cookid=133,https://www.menupan.com/cook/cookimg/013300.jpg,"무,고추,갓,실파,대파,배주머니,물,소금,마늘","밑반찬,김치"
갓김치,https://www.menupan.com/Cook/recipeview.asp?cookid=134,https://www.menupan.com/cook/cookimg/013400.jpg,"갓,무,실파,깨소금,밀가루,물,소금,고춧가루,마늘,생강,멸치젓","밑반찬,김치,채소류"
삼숙이탕,https://www.menupan.com/Cook/recipeview.asp?cookid=135,https://www.menupan.com/cook/cookimg/013500.jpg,"명태,미나리,표고버섯,대파,홍고추,쑥갓,물,소금,후춧가루,고추장,청주,고춧가루,다진마늘","찌개,전골,스튜,어류,패류"
꽃게탕,https://www.menupan.com/Cook/recipeview.asp?cookid=136,https://www.menupan.com/cook/cookimg/013600.jpg,"꽃게,애호박,무,느타리버섯,홍고추,대파,고추장,고춧가루,다진마늘,다진생강,국간장,소금,후춧가루","찌개,전골,스튜,어류,패류"
감자탕,https://www.menupan.com/Cook/recipeview.asp?cookid=137,https://www.menupan.com/cook/cookimg/013700.jpg,"돼지고기,감자,대파,물,마늘,생강,간장,고춧가루,술,소금,후춧가루,청정원맛선생","찌개,전골,스튜,돼지고기류"
아구탕,https://www.menupan.com/Cook/recipeview.asp?cookid=138,https://www.menupan.com/cook/cookimg/013800.jpg,"아구,콩나물,고사리,미나리,깻잎,청고추,홍고추,대파,물,된장,다진마늘,고춧가루,후춧가루","국,어류,패류"
메기매운탕,https://www.menupan.com/Cook/recipeview.asp?cookid=139,https://www.menupan.com/cook/cookimg/013900.jpg,"메기,무,대파,마늘,식용유,물,쑥갓,생강,고춧가루,고추장,소금,후춧가루","찌개,전골,스튜,어류,패류"
조기매운탕,https://www.menupan.com/Cook/recipeview.asp?cookid=140,https://www.menupan.com/cook/cookimg/014000.jpg,"조기,무,양파,대파,물,마늘,생강,간장,고추가루,소금","찌개,전골,스튜,어류,패류"
알탕,https://www.menupan.com/Cook/recipeview.asp?cookid=141,https://www.menupan.com/cook/cookimg/014100.jpg,"명란,쇠고기,무,콩나물,대파,홍고추,쑥갓,물,간장,다진파,다진마늘,청주,소금,후춧가루,고춧가루,[쇠고기양념] 간장,설탕,다진마늘,다진파,깨소금","찌개,전골,스튜,어류,패류"
복찌개,https://www.menupan.com/Cook/recipeview.asp?cookid=142,https://www.menupan.com/cook/cookimg/014200.jpg,"복어,콩나물,미나리,대파,육수,진간장,고춧가루,다진마늘,다진파,꿀,소금,후춧가루","찌개,전골,스튜,어류,패류"
우거지된장찌개,https://www.menupan.com/Cook/recipeview.asp?cookid=143,https://www.menupan.com/cook/cookimg/014300.jpg,"우거지,배춧잎,된장,식용유,쇠고기,청고추,홍고추,대파,쌀뜨물,마늘,생강,간장","찌개,전골,스튜"
신선로,https://www.menupan.com/Cook/recipeview.asp?cookid=144,https://www.menupan.com/cook/cookimg/014400.jpg,"양지머리,쇠고기,천엽,흰살생선,무,당근,미나리,계란,석이버섯,표고버섯,홍고추,호두,은행,잣","찌개,전골,스튜,쇠고기류"
샤브샤브,https://www.menupan.com/Cook/recipeview.asp?cookid=145,https://www.menupan.com/cook/cookimg/014500.jpg,"쇠고기,배춧잎,팽이버섯,표고버섯,느타리버섯,당근,양파,대파,어묵,곤약,무,국수,쑥갓,다시마,청주,소금,간장,식초,청주,물","찌개,전골,스튜,쇠고기류"
국수전골,https://www.menupan.com/Cook/recipeview.asp?cookid=146,https://www.menupan.com/cook/cookimg/014600.jpg,"국수,쇠고기,배추,애호박,느타리버섯,양파,대파,식용유,물,소금,고춧가루,진간장,다진마늘,후춧가루","찌개,전골,스튜,밀가루"
낙지전골,https://www.menupan.com/Cook/recipeview.asp?cookid=147,https://www.menupan.com/cook/cookimg/014700.jpg,"낙지,새우,쇠고기,두부,실파,표고버섯,홍고추,쑥갓,계란,밀가루,식용유,물,소금,간장,다진파,다진마늘,깨소금,참기름,설탕,소금","찌개,전골,스튜,어류,패류"
스끼야끼,https://www.menupan.com/Cook/recipeview.asp?cookid=148,https://www.menupan.com/cook/cookimg/014800.jpg,"쇠고기,배추,우엉,당근,두부,대파,표고버섯,양파,쑥갓,곤약,계란,식용유,무,다시마,진간장,설탕,청주,후춧가루","찌개,전골,스튜,쇠고기류"
콩나물국밥,https://www.menupan.com/Cook/recipeview.asp?cookid=151,https://www.menupan.com/cook/cookimg/015100.jpg,"밥,콩나물,김치,다진마늘,실파,장조림,청고추,깨소금,김,계란,쇠고기육수,새우젓","밥,죽,스프,곡류"
육개장,https://www.menupan.com/Cook/recipeview.asp?cookid=152,https://www.menupan.com/cook/cookimg/015200.jpg,"쇠고기,숙주,고사리,대파,식용유,다진마늘,깨소금,참기름,국간장,고춧가루","국,쇠고기류"
과일화채,https://www.menupan.com/Cook/recipeview.asp?cookid=153,https://www.menupan.com/cook/cookimg/015300.jpg,"수박,파인애플슬라이스,복숭아칵테일,오렌지,키위,메론,오미자차","후식,과일류"
곰탕,https://www.menupan.com/Cook/recipeview.asp?cookid=155,https://www.menupan.com/cook/cookimg/015500.jpg,"쇠고기,양,무,대파,마늘,국수,국간장,소금,후춧가루,다진파,다진마늘,진간장,참기름","국,쇠고기류"
설렁탕,https://www.menupan.com/Cook/recipeview.asp?cookid=156,https://www.menupan.com/cook/cookimg/015600.jpg,"소,사골,도가니,양지머리,파,마늘,밀국수,물,소금,후춧가루","국,쇠고기류"
요구르트두부주스,https://www.menupan.com/Cook/recipeview.asp?cookid=158,https://www.menupan.com/cook/cookimg/015800.jpg,"플레인요구르트,우유","음료,콩류"
도가니탕,https://www.menupan.com/Cook/recipeview.asp?cookid=159,https://www.menupan.com/cook/cookimg/015900.jpg,"쇠고기,물,파,생강,소금,다진파,고춧가루,다진마늘,진간장,생강,소금,후춧가루","국,쇠고기류"
꼬리곰탕,https://www.menupan.com/Cook/recipeview.asp?cookid=160,https://www.menupan.com/cook/cookimg/016000.jpg,"쇠고기,무,당면,대파,통마늘,소금,국간장,다진파,청주,참기름,후춧가루,깨","국,쇠고기류"
갈비탕,https://www.menupan.com/Cook/recipeview.asp?cookid=161,https://www.menupan.com/cook/cookimg/016100.jpg,"쇠고기,무,계란,국간장,다진파,다진마늘,참기름,후춧가루,소금","국,쇠고기류"
부추김치,https://www.menupan.com/Cook/recipeview.asp?cookid=162,https://www.menupan.com/cook/cookimg/016200.jpg,"부추,홍고추,다진마늘,생강,멸치젓,고춧가루,설탕,소금","밑반찬,김치,채소류"
파김치,https://www.menupan.com/Cook/recipeview.asp?cookid=163,https://www.menupan.com/cook/cookimg/016300.jpg,"실파,소금,까나리액젓,다진마늘,다진생강,고춧가루,설탕,깨소금","밑반찬,김치,채소류"
백김치,https://www.menupan.com/Cook/recipeview.asp?cookid=164,https://www.menupan.com/cook/cookimg/016400.jpg,"배추,무,밤,배,대추,대파,미나리,다진마늘,석이버섯,실고추,잣,[절임용소금물] 소금,물,말린표고버섯,통생강,[국물용 소금물] 소금,물","밑반찬,김치,채소류"
오이지장아찌무침,https://www.menupan.com/Cook/recipeview.asp?cookid=166,https://www.menupan.com/cook/cookimg/016600.jpg,"오이,홍고추,실파,깨소금,고추장,다진마늘,고춧가루,참기름,설탕","밑반찬,김치,채소류"
알찜,https://www.menupan.com/Cook/recipeview.asp?cookid=167,https://www.menupan.com/cook/cookimg/016700.jpg,"계란,표고버섯,새우,닭,은행,멸칫국물,소금,청주,간장","찜,알류"
홍합초,https://www.menupan.com/Cook/recipeview.asp?cookid=168,https://www.menupan.com/cook/cookimg/016800.jpg,"홍합,대파,마늘,잣가루,술,설탕,진간장,후춧가루,녹말가루,참기름","조림,어류,패류"
가자미조림,https://www.menupan.com/Cook/recipeview.asp?cookid=170,https://www.menupan.com/cook/cookimg/017000.jpg,"가자미,멸치다시물,마늘,청주,간장,맛술",조림
어리굴젓,https://www.menupan.com/Cook/recipeview.asp?cookid=171,https://www.menupan.com/cook/cookimg/017100.jpg,"굴,무,배,밤,고춧가루,파,마늘,소금,생강","밑반찬,김치,어류,패류"
다시마튀각,https://www.menupan.com/Cook/recipeview.asp?cookid=174,https://www.menupan.com/cook/cookimg/017400.jpg,"다시마,튀김기름,잣,통후추,설탕","튀김,커틀릿,해조류"
콩자반,https://www.menupan.com/Cook/recipeview.asp?cookid=175,https://www.menupan.com/cook/cookimg/017500.jpg,"콩,설탕,간장,깨소금,물,참기름","조림,콩류"
쇠고기장조림,https://www.menupan.com/Cook/recipeview.asp?cookid=176,https://www.menupan.com/cook/cookimg/017600.jpg,"쇠고기,계란,대파,마늘,생강,물,홍고추,진간장,설탕,참기름","조림,쇠고기류"
연근조림,https://www.menupan.com/Cook/recipeview.asp?cookid=177,https://www.menupan.com/cook/cookimg/017700.jpg,"식용유,통깨,진간장,설탕,청주,물","조림,채소류"
도토리묵무침,https://www.menupan.com/Cook/recipeview.asp?cookid=178,https://www.menupan.com/cook/cookimg/017800.jpg,"도토리묵,쑥갓,오이,당근,청고추,홍고추,상추,김,간장,고춧가루,설탕,다진파,다진마늘,참기름,들깨,실고추,소금","나물,생채,샐러드,견과류"
해물파전,https://www.menupan.com/Cook/recipeview.asp?cookid=179,https://www.menupan.com/cook/cookimg/017900.jpg,"실파,굴,홍합,조갯살,밀가루,멥쌀,계란,식용유,소금","부침,밀가루"
고구마맛탕,https://www.menupan.com/Cook/recipeview.asp?cookid=180,https://www.menupan.com/cook/cookimg/018000.jpg,"고구마,식용유,검은깨,설탕,물엿,물","도시락,간식,곡류"
녹두전,https://www.menupan.com/Cook/recipeview.asp?cookid=181,https://www.menupan.com/cook/cookimg/018100.jpg,"녹두,멥쌀,돼지고기,배추김치,숙주,고사리,대파,실고추,식용유,소금,후춧가루,참기름","부침,콩류"
오이나물,https://www.menupan.com/Cook/recipeview.asp?cookid=182,https://www.menupan.com/cook/cookimg/018200.jpg,"오이,깨소금,소금,다진파,다진마늘,참기름,실고추","나물,생채,샐러드,채소류"
냉이된장찌개,https://www.menupan.com/Cook/recipeview.asp?cookid=184,https://www.menupan.com/cook/cookimg/018400.jpg,"냉이,모시조개,된장,대파,마늘,물,다시마,소금","찌개,전골,스튜,콩류"
계란말이,https://www.menupan.com/Cook/recipeview.asp?cookid=185,https://www.menupan.com/cook/cookimg/018500.jpg,"계란,다진파,다진마늘,물,식용유,다시마,소금,후춧가루","부침,알류"
닭강정,https://www.menupan.com/Cook/recipeview.asp?cookid=186,https://www.menupan.com/cook/cookimg/018600.jpg,"닭,녹말,깨소금,진간장,마늘,후춧가루,고추장,물엿,술","튀김,커틀릿,닭고기류"
북어국밥,https://www.menupan.com/Cook/recipeview.asp?cookid=187,https://www.menupan.com/cook/cookimg/018700.jpg,"밥,북어,물,무순,무,쇠고기,대파,홍고추,팽이버섯,물,참기름,고춧가루,다진마늘,간장,소금,후춧가루","밥,죽,스프,어류,패류"
뱅어포구이,https://www.menupan.com/Cook/recipeview.asp?cookid=189,https://www.menupan.com/cook/cookimg/018900.jpg,"뱅어포,카놀라유,깨소금,고추장,물엿,실파,다진마늘,생강,참기름","구이,어류,패류"
배추겉절이,https://www.menupan.com/Cook/recipeview.asp?cookid=191,https://www.menupan.com/cook/cookimg/019100.jpg,"배추,소금,통깨,다진파,다진마늘,다진생강,고춧가루,진간장,새우젓,설탕,참기름","밑반찬,김치"
더덕구이,https://www.menupan.com/Cook/recipeview.asp?cookid=192,https://www.menupan.com/cook/cookimg/019200.jpg,"더덕,물,깨소금,간장,참기름,고추장,설탕,고춧가루,다진파,다진마늘,설탕","구이,채소류"
등심구이,https://www.menupan.com/Cook/recipeview.asp?cookid=194,https://www.menupan.com/cook/cookimg/019400.jpg,"쇠고기,표고버섯,감자,양파,참기름,소금,후춧가루","구이,쇠고기류"
감자조림,https://www.menupan.com/Cook/recipeview.asp?cookid=195,https://www.menupan.com/cook/cookimg/019500.jpg,"감자,멸치,꽈리고추,식용유,깨소금,진간장,물엿,청주","조림,곡류"
병어양념구이,https://www.menupan.com/Cook/recipeview.asp?cookid=196,https://www.menupan.com/cook/cookimg/019600.jpg,"병어,실파,진간장,참기름,고추장,다진마늘,생강즙,술,설탕,참기름","구이,어류,패류"
마른오징어조림,https://www.menupan.com/Cook/recipeview.asp?cookid=197,https://www.menupan.com/cook/cookimg/019700.jpg,"마른오징어,물,청고추,깨소금,참기름,진간장,설탕,다진마늘,다진파,후춧가루","밑반찬,김치,어류,패류"
도라지생채,https://www.menupan.com/Cook/recipeview.asp?cookid=198,https://www.menupan.com/cook/cookimg/019800.jpg,"도라지,깨소금,소금,설탕,다진파,다진마늘,고춧가루,식초,소금,참기름","나물,생채,샐러드"
죽순볶음,https://www.menupan.com/Cook/recipeview.asp?cookid=199,https://www.menupan.com/cook/cookimg/019900.jpg,"죽순,쇠고기,녹말,식용유,마늘종,술,간장,소금,후춧가루,참기름,다진마늘,생강즙","볶음,채소류"
호박전,https://www.menupan.com/Cook/recipeview.asp?cookid=200,https://www.menupan.com/cook/cookimg/020000.jpg,"애호박,밀가루,계란,쑥갓,식용유,소금,진간장,식초","부침,채소류"
탕수육,https://www.menupan.com/Cook/recipeview.asp?cookid=201,https://www.menupan.com/cook/cookimg/020100.jpg,"홍피망,돼지고기,녹말,물,당근,식용유,죽순,계란흰자,표고버섯,간장,설탕,청피망,식초,녹말가루,물","튀김,커틀릿,돼지고기류"
콩국계란찜,https://www.menupan.com/Cook/recipeview.asp?cookid=202,https://www.menupan.com/cook/cookimg/020200.jpg,"계란,칵테일새우,장식용어묵,은행,실파,통깨,잣,소금,새우젓","찜,알류"
고추장떡,https://www.menupan.com/Cook/recipeview.asp?cookid=203,https://www.menupan.com/cook/cookimg/020300.jpg,"밀가루,고추장,된장,부추,풋고추,청고추,깻잎,대파,식용유,고춧가루",부침
조기양념장구이,https://www.menupan.com/Cook/recipeview.asp?cookid=204,https://www.menupan.com/cook/cookimg/020400.jpg,"조기,청정원 참빛고운 카놀라유,소금,파,마늘,생강,간장,설탕,후춧가루,참기름,고춧가루","구이,어류,패류"
불고기,https://www.menupan.com/Cook/recipeview.asp?cookid=205,https://www.menupan.com/cook/cookimg/020500.jpg,"쇠고기,깨소금,진간장,배즙,설탕,다진파,다진마늘,후춧가루,참기름","볶음,쇠고기류"
꽈리고추밀가루찜,https://www.menupan.com/Cook/recipeview.asp?cookid=206,https://www.menupan.com/cook/cookimg/020600.jpg,"밀가루,깨소금,진간장,다진파,다진마늘,고춧가루,참기름","찜,채소류"
부추전,https://www.menupan.com/Cook/recipeview.asp?cookid=207,https://www.menupan.com/cook/cookimg/020700.jpg,"부추,청고추,홍고추,밀가루,계란,소금","부침,채소류"
감자전,https://www.menupan.com/Cook/recipeview.asp?cookid=209,https://www.menupan.com/cook/cookimg/020900.jpg,"감자,부추,청고추,홍고추,식용유,소금,간장,식초,깨소금","부침,곡류"
돼지갈비구이,https://www.menupan.com/Cook/recipeview.asp?cookid=210,https://www.menupan.com/cook/cookimg/021000.jpg,"깨소금,상추,깻잎,생강즙,술,진간장,다진파,다진마늘,고춧가루,설탕","구이,돼지고기류"
모듬초밥,https://www.menupan.com/Cook/recipeview.asp?cookid=212,https://www.menupan.com/cook/cookimg/021200.jpg,"쌀,참치,오징어,문어,새우,식초,설탕,소금,고추냉이","밥,죽,스프,어류,패류"
계란유부찜,https://www.menupan.com/Cook/recipeview.asp?cookid=214,https://www.menupan.com/cook/cookimg/021400.jpg,"유부,계란,육수,진간장","찜,알류"
송이산적,https://www.menupan.com/Cook/recipeview.asp?cookid=215,https://www.menupan.com/cook/cookimg/021500.jpg,"송이버섯,쇠고기,소금,참기름,진간장,다진파,다진마늘,설탕,후춧가루,깨소금","구이,버섯류"
돼지고기고추장구이,https://www.menupan.com/Cook/recipeview.asp?cookid=216,https://www.menupan.com/cook/cookimg/021600.jpg,"돼지고기,양파,청고추,다진파,깨소금,마늘,고추장,진간장,설탕,다진마늘,다진생강,참기름",구이
장똑똑이,https://www.menupan.com/Cook/recipeview.asp?cookid=217,https://www.menupan.com/cook/cookimg/021700.jpg,"쇠고기,대파,마늘,생강,깨소금,진간장,설탕,참기름,후춧가루","조림,쇠고기류"
미나리강회,https://www.menupan.com/Cook/recipeview.asp?cookid=220,https://www.menupan.com/cook/cookimg/022000.jpg,"미나리,쇠고기,계란,홍고추,다진잣,소금,소금,고추장,설탕,식초,생강즙","나물,생채,샐러드,쇠고기류"
오징어채소부침,https://www.menupan.com/Cook/recipeview.asp?cookid=221,https://www.menupan.com/cook/cookimg/022100.jpg,"오징어,쇠고기,감자,양파,당근,대파,밀가루,식용유,소금","부침,어류,패류"
어선,https://www.menupan.com/Cook/recipeview.asp?cookid=222,https://www.menupan.com/cook/cookimg/022200.jpg,"흰살생선,쇠고기,당근,오이,표고버섯,녹말,다진파,다진마늘,진간장,후춧가루","찜,어류,패류"
김치적,https://www.menupan.com/Cook/recipeview.asp?cookid=223,https://www.menupan.com/cook/cookimg/022300.jpg,"김치,쇠고기,표고버섯,통도라지,밀가루,계란,식용유,참기름,소금","부침,채소류"
밤베이컨말이,https://www.menupan.com/Cook/recipeview.asp?cookid=224,https://www.menupan.com/cook/cookimg/022400.jpg,"밤,베이컨,식용유,설탕","도시락,간식,견과류"
떡선,https://www.menupan.com/Cook/recipeview.asp?cookid=225,https://www.menupan.com/cook/cookimg/022500.jpg,"가래떡,쇠고기,계란,설탕,후춧가루,간장,물엿,청주,물","조림,곡류"
표고전,https://www.menupan.com/Cook/recipeview.asp?cookid=226,https://www.menupan.com/cook/cookimg/022600.jpg,"표고버섯,쇠고기,깨소금,밀가루,계란,식용유,진간장,설탕,다진파,다진마늘,후춧가루,참기름","부침,버섯류"
낙지볶음,https://www.menupan.com/Cook/recipeview.asp?cookid=227,https://www.menupan.com/cook/cookimg/022700.jpg,"낙지,소금,양파,호박,대파,청고추,홍고추,고추장,고춧가루,간장,참기름,생강즙,설탕,깨소금","볶음,어류,패류"
족편,https://www.menupan.com/Cook/recipeview.asp?cookid=228,https://www.menupan.com/cook/cookimg/022800.jpg,"석이버섯,계란,청고추,홍고추,마늘,생강,소금","찜,쇠고기류"
미더덕찜,https://www.menupan.com/Cook/recipeview.asp?cookid=229,https://www.menupan.com/cook/cookimg/022900.jpg,"미더덕,콩나물,대파,청고추,홍고추,고사리,미나리,쌀가루,진간장,참기름,고춧가루","찜,어류,패류"
두부김치,https://www.menupan.com/Cook/recipeview.asp?cookid=230,https://www.menupan.com/cook/cookimg/023000.jpg,"두부,배추김치,깻잎,깨소금,다진파,다진마늘,참기름,소금","볶음,콩류"
구절판,https://www.menupan.com/Cook/recipeview.asp?cookid=231,https://www.menupan.com/cook/cookimg/023100.jpg,"쇠고기,표고버섯,석이버섯,오이,당근,죽순,계란,밀가루,물,[겨자소스] 겨자가루,물,식초,설탕,초간장,[쇠고기/버섯양념] 마늘,간장,설탕,참기름,대파","나물,생채,샐러드,채소류"
꽃게찜,https://www.menupan.com/Cook/recipeview.asp?cookid=232,https://www.menupan.com/cook/cookimg/023200.jpg,"꽃게,쇠고기,계란,밀가루,표고버섯,석이버섯,미나리,진간장,통후추","찜,어류,패류"
사과케이크,https://www.menupan.com/Cook/recipeview.asp?cookid=235,https://www.menupan.com/cook/cookimg/023500.jpg,"밀가루,사과,베이킹파우더,계란,설탕,무염버터,럼주","빵,과자"
생선뮈니에르,https://www.menupan.com/Cook/recipeview.asp?cookid=236,https://www.menupan.com/cook/cookimg/023600.jpg,"가자미,후춧가루,밀가루,파슬리,소금,버터,레드와인,레몬즙","양식,어류,패류"
라자니아,https://www.menupan.com/Cook/recipeview.asp?cookid=237,https://www.menupan.com/cook/cookimg/023700.jpg,"밀가루,쇠고기,양송이,샐러리,계란,식용유,양파,당근,버터,육수,토마토케첩,월계수잎,소금,후춧가루,치즈가루","그라탕,리조또,밀가루"
군만두,https://www.menupan.com/Cook/recipeview.asp?cookid=238,https://www.menupan.com/cook/cookimg/023800.jpg,"돼기고기,밀가루,부추,레몬,소금,참기름,후춧가루,레디시","구이,밀가루"
커스터드푸딩,https://www.menupan.com/Cook/recipeview.asp?cookid=239,https://www.menupan.com/cook/cookimg/023900.jpg,"계란,설탕,우유,시럽,식용유,코앵트로,슈가파우더","빵,과자,알류"
생선버터구이,https://www.menupan.com/Cook/recipeview.asp?cookid=240,https://www.menupan.com/cook/cookimg/024000.jpg,"생선,우유,밀가루,소금,후춧가루,버터","양식,어류,패류"
마늘버터빵,https://www.menupan.com/Cook/recipeview.asp?cookid=241,https://www.menupan.com/cook/cookimg/024100.jpg,"바게트빵,마늘,파슬리,버터,시럽","빵,과자,밀가루"
감자고로케,https://www.menupan.com/Cook/recipeview.asp?cookid=242,https://www.menupan.com/cook/cookimg/024200.jpg,"감자,양파,다진쇠고기,밀가루,계란,빵가루,식용유,카레가루,소금,후춧가루","튀김,커틀릿,밀가루"
오믈렛,https://www.menupan.com/Cook/recipeview.asp?cookid=243,https://www.menupan.com/cook/cookimg/024300.jpg,"계란,우유,식용유,버터,소금,후춧가루,토마토케첩","양식,알류"
굴튀김,https://www.menupan.com/Cook/recipeview.asp?cookid=248,https://www.menupan.com/cook/cookimg/024800.jpg,"굴,밀가루,계란,빵가루,식용유,소금,우스터소스","튀김,커틀릿,어류,패류"
감자양파그라탕,https://www.menupan.com/Cook/recipeview.asp?cookid=251,https://www.menupan.com/cook/cookimg/025100.jpg,"감자,양파,베이컨,버터,빵가루,모짜렐라치즈,소금,후춧가루,밀가루,우유","그라탕,리조또,채소류"
토마토미트소스파스타,https://www.menupan.com/Cook/recipeview.asp?cookid=252,https://www.menupan.com/cook/cookimg/025200.jpg,"양파,홍피망,양송이버섯,올리브오일,소금,후춧가루,월계수잎,비프스톡,우스터소스,간장,화이트와인","만두,면류,밀가루"
껍질콩버터조림,https://www.menupan.com/Cook/recipeview.asp?cookid=253,https://www.menupan.com/cook/cookimg/025300.jpg,"베이컨,양상추,물,파슬리,비프스톡파우더,버터,밀가루,옥수수통조림,셀피유,양파,소금,설탕,파슬리가루",조림
식혜,https://www.menupan.com/Cook/recipeview.asp?cookid=254,https://www.menupan.com/cook/cookimg/025400.jpg,"엿기름,멥쌀,물,잣,설탕,유자청건더기","음료,곡류"
비스팅케이크,https://www.menupan.com/Cook/recipeview.asp?cookid=255,https://www.menupan.com/cook/cookimg/025500.jpg,"설탕,계란,박력분,베이킹파우더,우유,버터,설탕,마가린,아몬드,설탕,옥수수전분,계란노른자,우유,버터,생크림","빵,과자,밀가루"
달래무침과냉이나물,https://www.menupan.com/Cook/recipeview.asp?cookid=256,https://www.menupan.com/cook/cookimg/025600.jpg,"달래,냉이,고춧가루,간장,설탕,식초,깨소금,고추장,간장,설탕,식초,다진파,다진마늘,참기름,깨소금","나물,생채,샐러드"
두부미역냉채,https://www.menupan.com/Cook/recipeview.asp?cookid=257,https://www.menupan.com/cook/cookimg/025700.jpg,"두부,미역,양파,홍고추,간장,참기름,설탕,통깨","나물,생채,샐러드,콩류"
딸기생크림케이크,https://www.menupan.com/Cook/recipeview.asp?cookid=258,https://www.menupan.com/cook/cookimg/025800.jpg,"계란,박력분,딸기,생크림,설탕,물엿,우유,버터,무스띠,시럽,설탕","빵,과자,밀가루"
링도넛,https://www.menupan.com/Cook/recipeview.asp?cookid=259,https://www.menupan.com/cook/cookimg/025900.jpg,"밀가루,설탕,계란,버터,베이킹파우더,분유,소금,바닐라향,다진땅콩,코코넛가루,레인보우사탕,[계피설탕] 계핏가루,설탕,다크초콜릿,도넛틀 또는 원형틀","빵,과자,밀가루"
바비큐폭찹,https://www.menupan.com/Cook/recipeview.asp?cookid=260,https://www.menupan.com/cook/cookimg/026000.jpg,"돼지고기,밀가루,식용유,버터,양파,샐러리,토마토케첩,황설탕,물,우스터소스,식초,핫소스,소금,후춧가루,파슬리",볶음
중국식볶음밥,https://www.menupan.com/Cook/recipeview.asp?cookid=261,https://www.menupan.com/cook/cookimg/026100.jpg,"밥,계란,돼지고기,당근,양파,표고버섯,대파,식용유,소금,후춧가루","밥,죽,스프,곡류"
해장라면,https://www.menupan.com/Cook/recipeview.asp?cookid=262,https://www.menupan.com/cook/cookimg/026200.jpg,"라면,배추김치,표고버섯,콩나물,햄,게맛살,청고추,홍고추,당근,다진마늘,대파,고춧가루,참기름,깨소금","만두,면류,밀가루"
정통일본식우동,https://www.menupan.com/Cook/recipeview.asp?cookid=263,https://www.menupan.com/cook/cookimg/026300.jpg,"중력분,가쓰오브시,물,소금,실파,김,쑥갓,어묵,표고버섯,유부,다시마,물,미림,간장,고춧가루","만두,면류,어류,패류"
국수계란말이,https://www.menupan.com/Cook/recipeview.asp?cookid=265,https://www.menupan.com/cook/cookimg/026500.jpg,"계란,국수,새우,게맛살,치커리,미나리,다시물,간장,맛술,와사비,무,소금","만두,면류,알류"
냉면육수,https://www.menupan.com/Cook/recipeview.asp?cookid=266,https://www.menupan.com/cook/cookimg/026600.jpg,"쇠고기,물,무,양파,대파,마늘,생강,소금,간장","국,밀가루"
소스를곁들인라면구이,https://www.menupan.com/Cook/recipeview.asp?cookid=267,https://www.menupan.com/cook/cookimg/026700.jpg,"라면,시금치,쇠고기,[쇠고기양념] 간장,설탕,다진파,다진마늘,후춧가루,소금,참기름,깨소금,[소스재료] 물,굴소스,녹말,라면수프,설탕","만두,면류,밀가루"
오징어와마늘소스,https://www.menupan.com/Cook/recipeview.asp?cookid=268,https://www.menupan.com/cook/cookimg/026800.jpg,"오징어,깻잎,소금,마늘,간장,설탕,식초,소금","나물,생채,샐러드"
묵과양념장,https://www.menupan.com/Cook/recipeview.asp?cookid=273,https://www.menupan.com/cook/cookimg/027300.jpg,"도토리묵,청포묵,오이,게맛살,간장,설탕,식초,홍고추,참기름,깨소금","나물,생채,샐러드,곡류"
가지와마른새우무침,https://www.menupan.com/Cook/recipeview.asp?cookid=275,https://www.menupan.com/cook/cookimg/027500.jpg,"가지,마른새우,식용유,깨소금,진간장,다진파,다진마늘,참기름,소금","볶음,어류,패류"
떡갈비구이,https://www.menupan.com/Cook/recipeview.asp?cookid=278,https://www.menupan.com/cook/cookimg/027800.jpg,"쇠고기,양파,밀가루,다진파,다진마늘,간장,설탕,깨소금,참기름,후춧가루","구이,쇠고기류"
새우도리아,https://www.menupan.com/Cook/recipeview.asp?cookid=279,https://www.menupan.com/cook/cookimg/027900.jpg,"새우,밥,양파,청피망,홍피망,양송이버섯,샐러리,표고버섯,모짜렐라치즈,버터,화이트와인,버터,밀가루,우유,새우데친물,소금,후추","그라탕,리조또,곡류"
밥샌드위치,https://www.menupan.com/Cook/recipeview.asp?cookid=280,https://www.menupan.com/cook/cookimg/028000.jpg,"밥,감자,당근,프랑크소시지,오이,양배추,양상추,계란,김치,밀가루,식용유,빵가루,마요네즈,머스타드,토마토케찹,소금,후춧가루","샌드위치,햄버거,곡류"
치킨랩샌드위치,https://www.menupan.com/Cook/recipeview.asp?cookid=281,https://www.menupan.com/cook/cookimg/028100.jpg,"밀가루,우유,닭고기,소금,토마토,치즈,적치커리,비타민잎,양파,식용유,간장,설탕,청주,참기름,양겨자,마요네즈","샌드위치,햄버거,닭고기류"
스크램블드딸기샌드위치,https://www.menupan.com/Cook/recipeview.asp?cookid=282,https://www.menupan.com/cook/cookimg/028200.jpg,"식빵,계란,딸기,버터,식용유,소금","샌드위치,햄버거"
바게트샌드위치,https://www.menupan.com/Cook/recipeview.asp?cookid=283,https://www.menupan.com/cook/cookimg/028300.jpg,"바게트,토마토,양파,상추,비타민잎,치즈,쇠고기,겨자,양파,간장,설탕,다진파,다진마늘,깨소금,참기름","샌드위치,햄버거,밀가루"
프랜치토스트샌드위치,https://www.menupan.com/Cook/recipeview.asp?cookid=284,https://www.menupan.com/cook/cookimg/028400.jpg,"식빵,햄,치즈,버터,피클,맛살,계란,우유,소금","샌드위치,햄버거,밀가루"
핫샌드위치,https://www.menupan.com/Cook/recipeview.asp?cookid=285,https://www.menupan.com/cook/cookimg/028500.jpg,"흰살생선,양상추,가지,토마토,양송이버섯,다진딜,올리브오일,마요네즈,머스타드,소금,흰후춧가루,삶은계란으깬것,다진피망,다진양파,다진피클,파슬리가루","샌드위치,햄버거"
골뱅이무침,https://www.menupan.com/Cook/recipeview.asp?cookid=286,https://www.menupan.com/cook/cookimg/028600.jpg,"골뱅이통조림,오이,양파,대파,당근,샐러리,소면,고추장,고춧가루,식초,진간장,설탕,깨소금,참기름,다진마늘","나물,생채,샐러드,어류,패류"
두부양념조림,https://www.menupan.com/Cook/recipeview.asp?cookid=287,https://www.menupan.com/cook/cookimg/028700.jpg,"두부,홍고추,통깨,간장,설탕,물엿,후춧가루,참기름,실고추","조림,콩류"
육회,https://www.menupan.com/Cook/recipeview.asp?cookid=288,https://www.menupan.com/cook/cookimg/028800.jpg,"쇠고기,배,잣가루,잣,오이,상추,계란노른자,간장,참기름,깨소금,후춧가루,설탕","나물,생채,샐러드,쇠고기류"
카레라면,https://www.menupan.com/Cook/recipeview.asp?cookid=290,https://www.menupan.com/cook/cookimg/029000.jpg,"카레가루,라면,쇠고기,양파,완두콩,식용유,소금,후춧가루","만두,면류"
리본모양파스타,https://www.menupan.com/Cook/recipeview.asp?cookid=291,https://www.menupan.com/cook/cookimg/029100.jpg,"파스타,토마토,쇠고기,토마토주스,식용유,버터,다진양파,파슬리,다진마늘,레드와인,소금,후춧가루,월계수잎","만두,면류,밀가루"
냉소면,https://www.menupan.com/Cook/recipeview.asp?cookid=292,https://www.menupan.com/cook/cookimg/029200.jpg,"계란,꽃어묵,방울토마토,다시마,가쓰오브시,물,다시마,맛술,간장,땅콩버터","만두,면류,밀가루"
초코칩쿠키,https://www.menupan.com/Cook/recipeview.asp?cookid=293,https://www.menupan.com/cook/cookimg/029300.jpg,"박력분,초콜릿,설탕,베이킹파우더,베이킹소다,버터,계란","빵,과자,밀가루"
삼계탕,https://www.menupan.com/Cook/recipeview.asp?cookid=294,https://www.menupan.com/cook/cookimg/029400.jpg,"닭고기,찹쌀,마늘,대추,생강,물,수삼,대파,소금,후춧가루","국,닭고기류"
개장국,https://www.menupan.com/Cook/recipeview.asp?cookid=295,https://www.menupan.com/cook/cookimg/029500.jpg,"된장,토란,물,대파,미나리,들깻잎,들깨가루,생강,소금,국간장,다진파,다진마늘,고춧가루,후춧가루","국,기타"
붕어조림,https://www.menupan.com/Cook/recipeview.asp?cookid=296,https://www.menupan.com/cook/cookimg/029600.jpg,"붕어,북어,감자,무,양파,물,양파,청고추,홍고추,대파,마늘,고추장,고춧가루,참기름,생강즙,소금,후춧가루","조림,어류,패류"
오믈렛도시락,https://www.menupan.com/Cook/recipeview.asp?cookid=298,https://www.menupan.com/cook/cookimg/029800.jpg,"밥,계란,새우,양파,당근,청피망,홍피망,버터,미나리,소금,후춧가루,토마토케첩","도시락,간식,곡류"
주먹밥,https://www.menupan.com/Cook/recipeview.asp?cookid=299,https://www.menupan.com/cook/cookimg/029900.jpg,"밥,쇠고기,당근,식용유,상추,파슬리,토마토,청피망,소금,간장,설탕,다진파,다진마늘,참기름,후춧가루,깨소금","도시락,간식,곡류"
